fiscal_year,revenue,cost_of_revenue,gross_profit,rd_expense,sga_expense,operating_income,income_tax,net_income,eps_diluted,shares_diluted,cash,st_investments,accounts_receivable,inventory,current_assets,total_assets,current_liabilities,total_liabilities,long_term_debt,total_equity,liab_and_equity,goodwill,operating_cash_flow,capex,depreciation,stock_comp,buybacks,acquisitions
2016,383881000.0,281199000.0,102682000.0,57453000.0,73444000.0,-47907000.0,-43638000.0,-6557000.0,-0.1,64941000.0,101408000.0,,70225000.0,59806000.0,254709000.0,618982000.0,82707000.0,217926000.0,125475000.0,401056000.0,618982000.0,188010000.0,,11521000.0,11371000.0,11686000.0,0.0,228031000.0
2017,548441000.0,332844000.0,215597000.0,73807000.0,95489000.0,46301000.0,1293000.0,40913000.0,0.55,74239000.0,91184000.0,48988000.0,81515000.0,67848000.0,305854000.0,646574000.0,92161000.0,187937000.0,87228000.0,458637000.0,646574000.0,189920000.0,86323000.0,17756000.0,13626000.0,16339000.0,18970000.0,0.0
2018,529675000.0,319336000.0,210339000.0,74976000.0,99254000.0,36109000.0,-70109000.0,104036000.0,1.38,75182000.0,98472000.0,50531000.0,95333000.0,77706000.0,337820000.0,728222000.0,102518000.0,148058000.0,34971000.0,580164000.0,728222000.0,189214000.0,68700000.0,19869000.0,14314000.0,17827000.0,0.0,0.0
2019,589464000.0,351968000.0,237496000.0,81499000.0,106335000.0,49662000.0,11717000.0,39346000.0,0.51,77286000.0,144545000.0,76327000.0,97868000.0,83258000.0,419043000.0,839882000.0,136560000.0,198885000.0,15639000.0,640997000.0,839882000.0,199196000.0,121048000.0,20847000.0,17185000.0,23176000.0,0.0,20524000.0
2020,693616000.0,405696000.0,287920000.0,89034000.0,115098000.0,83788000.0,6652000.0,78523000.0,0.99,79001000.0,187225000.0,67810000.0,107603000.0,99229000.0,487074000.0,963217000.0,154571000.0,219133000.0,24978000.0,744084000.0,963217000.0,212761000.0,169256000.0,55865000.0,20694000.0,23830000.0,0.0,51880000.0
2021,769674000.0,446907000.0,322767000.0,100937000.0,123792000.0,98038000.0,14576000.0,83924000.0,1.06,79133000.0,151010000.0,125055000.0,115541000.0,111548000.0,524039000.0,1020520000.0,148754000.0,204740000.0,15434000.0,815780000.0,1020520000.0,212299000.0,139364000.0,66496000.0,25772000.0,29384000.0,24038000.0,0.0
2022,747937000.0,451928000.0,296009000.0,109222000.0,131875000.0,54912000.0,7132000.0,50738000.0,0.65,78201000.0,109130000.0,129006000.0,88143000.0,123157000.0,474552000.0,1008228000.0,149667000.0,199943000.0,14389000.0,808285000.0,1008228000.0,211444000.0,131786000.0,65254000.0,28646000.0,31337000.0,82328000.0,3350000.0
2023,663102000.0,404522000.0,258580000.0,115765000.0,133012000.0,82756000.0,6880000.0,82387000.0,1.05,78159000.0,177812000.0,150507000.0,102957000.0,111685000.0,573780000.0,1106794000.0,131095000.0,197990000.0,13314000.0,908804000.0,1106794000.0,201090000.0,64602000.0,56027000.0,37453000.0,38616000.0,19801000.0,0.0
2024,763599000.0,455676000.0,307923000.0,121938000.0,141786000.0,64780000.0,9798000.0,69614000.0,0.89,78437000.0,190728000.0,169295000.0,104294000.0,101676000.0,605128000.0,1146215000.0,131345000.0,198447000.0,12208000.0,947768000.0,1146215000.0,199171000.0,117534000.0,38436000.0,32903000.0,39763000.0,53302000.0,0.0
2025,784993000.0,476142000.0,308851000.0,115682000.0,133074000.0,57070000.0,13004000.0,54361000.0,0.69,78313000.0,103330000.0,171842000.0,125416000.0,110884000.0,557054000.0,1224362000.0,123861000.0,188959000.0,11071000.0,1035403000.0,1224362000.0,216029000.0,115398000.0,103658000.0,37589000.0,38576000.0,26244000.0,20580000.0
