ticker,fiscal_year,statement,metric,value,concept,period_end,filed_date,accn
FORM,2016,BS,accounts_receivable,70225000.0,AccountsReceivableNetCurrent,2016-12-31,2018-02-27,0001039399-18-000014
FORM,2017,BS,accounts_receivable,81515000.0,AccountsReceivableNetCurrent,2017-12-30,2019-02-26,0001039399-19-000010
FORM,2018,BS,accounts_receivable,95333000.0,AccountsReceivableNetCurrent,2018-12-29,2020-02-21,0001039399-20-000011
FORM,2019,BS,accounts_receivable,97868000.0,AccountsReceivableNetCurrent,2019-12-28,2021-02-22,0001039399-21-000009
FORM,2020,BS,accounts_receivable,107603000.0,AccountsReceivableNetCurrent,2020-12-26,2022-02-18,0001039399-22-000014
FORM,2021,BS,accounts_receivable,115541000.0,AccountsReceivableNetCurrent,2021-12-25,2023-02-24,0001039399-23-000010
FORM,2022,BS,accounts_receivable,88143000.0,AccountsReceivableNetCurrent,2022-12-31,2024-02-23,0001039399-24-000007
FORM,2023,BS,accounts_receivable,102957000.0,AccountsReceivableNetCurrent,2023-12-30,2025-02-21,0001039399-25-000023
FORM,2024,BS,accounts_receivable,104294000.0,AccountsReceivableNetCurrent,2024-12-28,2026-02-20,0001039399-26-000009
FORM,2025,BS,accounts_receivable,125416000.0,AccountsReceivableNetCurrent,2025-12-27,2026-02-20,0001039399-26-000009
FORM,2016,BS,cash,101408000.0,CashAndCashEquivalentsAtCarryingValue,2016-12-31,2019-02-26,0001039399-19-000010
FORM,2017,BS,cash,91184000.0,CashAndCashEquivalentsAtCarryingValue,2017-12-30,2019-02-26,0001039399-19-000010
FORM,2018,BS,cash,98472000.0,CashAndCashEquivalentsAtCarryingValue,2018-12-29,2021-02-22,0001039399-21-000009
FORM,2019,BS,cash,144545000.0,CashAndCashEquivalentsAtCarryingValue,2019-12-28,2022-02-18,0001039399-22-000014
FORM,2020,BS,cash,187225000.0,CashAndCashEquivalentsAtCarryingValue,2020-12-26,2023-02-24,0001039399-23-000010
FORM,2021,BS,cash,151010000.0,CashAndCashEquivalentsAtCarryingValue,2021-12-25,2024-02-23,0001039399-24-000007
FORM,2022,BS,cash,109130000.0,CashAndCashEquivalentsAtCarryingValue,2022-12-31,2025-02-21,0001039399-25-000023
FORM,2023,BS,cash,177812000.0,CashAndCashEquivalentsAtCarryingValue,2023-12-30,2026-02-20,0001039399-26-000009
FORM,2024,BS,cash,190728000.0,CashAndCashEquivalentsAtCarryingValue,2024-12-28,2026-02-20,0001039399-26-000009
FORM,2025,BS,cash,103330000.0,CashAndCashEquivalentsAtCarryingValue,2025-12-27,2026-02-20,0001039399-26-000009
FORM,2016,BS,current_assets,254709000.0,AssetsCurrent,2016-12-31,2018-02-27,0001039399-18-000014
FORM,2017,BS,current_assets,305854000.0,AssetsCurrent,2017-12-30,2019-02-26,0001039399-19-000010
FORM,2018,BS,current_assets,337820000.0,AssetsCurrent,2018-12-29,2020-02-21,0001039399-20-000011
FORM,2019,BS,current_assets,419043000.0,AssetsCurrent,2019-12-28,2021-02-22,0001039399-21-000009
FORM,2020,BS,current_assets,487074000.0,AssetsCurrent,2020-12-26,2022-02-18,0001039399-22-000014
FORM,2021,BS,current_assets,524039000.0,AssetsCurrent,2021-12-25,2023-02-24,0001039399-23-000010
FORM,2022,BS,current_assets,474552000.0,AssetsCurrent,2022-12-31,2024-02-23,0001039399-24-000007
FORM,2023,BS,current_assets,573780000.0,AssetsCurrent,2023-12-30,2025-02-21,0001039399-25-000023
FORM,2024,BS,current_assets,605128000.0,AssetsCurrent,2024-12-28,2026-02-20,0001039399-26-000009
FORM,2025,BS,current_assets,557054000.0,AssetsCurrent,2025-12-27,2026-02-20,0001039399-26-000009
FORM,2016,BS,current_liabilities,82707000.0,LiabilitiesCurrent,2016-12-31,2018-02-27,0001039399-18-000014
FORM,2017,BS,current_liabilities,92161000.0,LiabilitiesCurrent,2017-12-30,2019-02-26,0001039399-19-000010
FORM,2018,BS,current_liabilities,102518000.0,LiabilitiesCurrent,2018-12-29,2020-02-21,0001039399-20-000011
FORM,2019,BS,current_liabilities,136560000.0,LiabilitiesCurrent,2019-12-28,2021-02-22,0001039399-21-000009
FORM,2020,BS,current_liabilities,154571000.0,LiabilitiesCurrent,2020-12-26,2022-02-18,0001039399-22-000014
FORM,2021,BS,current_liabilities,148754000.0,LiabilitiesCurrent,2021-12-25,2023-02-24,0001039399-23-000010
FORM,2022,BS,current_liabilities,149667000.0,LiabilitiesCurrent,2022-12-31,2024-02-23,0001039399-24-000007
FORM,2023,BS,current_liabilities,131095000.0,LiabilitiesCurrent,2023-12-30,2025-02-21,0001039399-25-000023
FORM,2024,BS,current_liabilities,131345000.0,LiabilitiesCurrent,2024-12-28,2026-02-20,0001039399-26-000009
FORM,2025,BS,current_liabilities,123861000.0,LiabilitiesCurrent,2025-12-27,2026-02-20,0001039399-26-000009
FORM,2016,BS,goodwill,188010000.0,Goodwill,2016-12-31,2020-02-21,0001039399-20-000011
FORM,2017,BS,goodwill,189920000.0,Goodwill,2017-12-30,2021-02-22,0001039399-21-000009
FORM,2018,BS,goodwill,189214000.0,Goodwill,2018-12-29,2021-02-22,0001039399-21-000009
FORM,2019,BS,goodwill,199196000.0,Goodwill,2019-12-28,2022-02-18,0001039399-22-000014
FORM,2020,BS,goodwill,212761000.0,Goodwill,2020-12-26,2023-02-24,0001039399-23-000010
FORM,2021,BS,goodwill,212299000.0,Goodwill,2021-12-25,2024-02-23,0001039399-24-000007
FORM,2022,BS,goodwill,211444000.0,Goodwill,2022-12-31,2025-02-21,0001039399-25-000023
FORM,2023,BS,goodwill,201090000.0,Goodwill,2023-12-30,2026-02-20,0001039399-26-000009
FORM,2024,BS,goodwill,199171000.0,Goodwill,2024-12-28,2026-02-20,0001039399-26-000009
FORM,2025,BS,goodwill,216029000.0,Goodwill,2025-12-27,2026-02-20,0001039399-26-000009
FORM,2016,BS,inventory,59806000.0,InventoryNet,2016-12-31,2018-02-27,0001039399-18-000014
FORM,2017,BS,inventory,67848000.0,InventoryNet,2017-12-30,2019-02-26,0001039399-19-000010
FORM,2018,BS,inventory,77706000.0,InventoryNet,2018-12-29,2020-02-21,0001039399-20-000011
FORM,2019,BS,inventory,83258000.0,InventoryNet,2019-12-28,2021-02-22,0001039399-21-000009
FORM,2020,BS,inventory,99229000.0,InventoryNet,2020-12-26,2022-02-18,0001039399-22-000014
FORM,2021,BS,inventory,111548000.0,InventoryNet,2021-12-25,2023-02-24,0001039399-23-000010
FORM,2022,BS,inventory,123157000.0,InventoryNet,2022-12-31,2024-02-23,0001039399-24-000007
FORM,2023,BS,inventory,111685000.0,InventoryNet,2023-12-30,2025-02-21,0001039399-25-000023
FORM,2024,BS,inventory,101676000.0,InventoryNet,2024-12-28,2026-02-20,0001039399-26-000009
FORM,2025,BS,inventory,110884000.0,InventoryNet,2025-12-27,2026-02-20,0001039399-26-000009
FORM,2016,BS,liab_and_equity,618982000.0,LiabilitiesAndStockholdersEquity,2016-12-31,2018-02-27,0001039399-18-000014
FORM,2017,BS,liab_and_equity,646574000.0,LiabilitiesAndStockholdersEquity,2017-12-30,2019-02-26,0001039399-19-000010
FORM,2018,BS,liab_and_equity,728222000.0,LiabilitiesAndStockholdersEquity,2018-12-29,2020-02-21,0001039399-20-000011
FORM,2019,BS,liab_and_equity,839882000.0,LiabilitiesAndStockholdersEquity,2019-12-28,2021-02-22,0001039399-21-000009
FORM,2020,BS,liab_and_equity,963217000.0,LiabilitiesAndStockholdersEquity,2020-12-26,2022-02-18,0001039399-22-000014
FORM,2021,BS,liab_and_equity,1020520000.0,LiabilitiesAndStockholdersEquity,2021-12-25,2023-02-24,0001039399-23-000010
FORM,2022,BS,liab_and_equity,1008228000.0,LiabilitiesAndStockholdersEquity,2022-12-31,2024-02-23,0001039399-24-000007
FORM,2023,BS,liab_and_equity,1106794000.0,LiabilitiesAndStockholdersEquity,2023-12-30,2025-02-21,0001039399-25-000023
FORM,2024,BS,liab_and_equity,1146215000.0,LiabilitiesAndStockholdersEquity,2024-12-28,2026-02-20,0001039399-26-000009
FORM,2025,BS,liab_and_equity,1224362000.0,LiabilitiesAndStockholdersEquity,2025-12-27,2026-02-20,0001039399-26-000009
FORM,2016,BS,long_term_debt,125475000.0,LongTermDebtNoncurrent,2016-12-31,2018-02-27,0001039399-18-000014
FORM,2017,BS,long_term_debt,87228000.0,LongTermDebtNoncurrent,2017-12-30,2019-02-26,0001039399-19-000010
FORM,2018,BS,long_term_debt,34971000.0,LongTermDebtNoncurrent,2018-12-29,2020-02-21,0001039399-20-000011
FORM,2019,BS,long_term_debt,15639000.0,LongTermDebtNoncurrent,2019-12-28,2021-02-22,0001039399-21-000009
FORM,2020,BS,long_term_debt,24978000.0,LongTermDebtNoncurrent,2020-12-26,2022-02-18,0001039399-22-000014
FORM,2021,BS,long_term_debt,15434000.0,LongTermDebtNoncurrent,2021-12-25,2023-02-24,0001039399-23-000010
FORM,2022,BS,long_term_debt,14389000.0,LongTermDebtNoncurrent,2022-12-31,2024-02-23,0001039399-24-000007
FORM,2023,BS,long_term_debt,13314000.0,LongTermDebtNoncurrent,2023-12-30,2025-02-21,0001039399-25-000023
FORM,2024,BS,long_term_debt,12208000.0,LongTermDebtNoncurrent,2024-12-28,2026-02-20,0001039399-26-000009
FORM,2025,BS,long_term_debt,11071000.0,LongTermDebtNoncurrent,2025-12-27,2026-02-20,0001039399-26-000009
FORM,2017,BS,st_investments,48988000.0,AvailableForSaleSecuritiesDebtSecuritiesCurrent,2017-12-30,2019-02-26,0001039399-19-000010
FORM,2018,BS,st_investments,50531000.0,AvailableForSaleSecuritiesDebtSecuritiesCurrent,2018-12-29,2020-02-21,0001039399-20-000011
FORM,2019,BS,st_investments,76327000.0,AvailableForSaleSecuritiesDebtSecuritiesCurrent,2019-12-28,2021-02-22,0001039399-21-000009
FORM,2020,BS,st_investments,67810000.0,AvailableForSaleSecuritiesDebtSecuritiesCurrent,2020-12-26,2022-02-18,0001039399-22-000014
FORM,2021,BS,st_investments,125055000.0,AvailableForSaleSecuritiesDebtSecuritiesCurrent,2021-12-25,2023-02-24,0001039399-23-000010
FORM,2022,BS,st_investments,129006000.0,AvailableForSaleSecuritiesDebtSecuritiesCurrent,2022-12-31,2024-02-23,0001039399-24-000007
FORM,2023,BS,st_investments,150507000.0,AvailableForSaleSecuritiesDebtSecuritiesCurrent,2023-12-30,2025-02-21,0001039399-25-000023
FORM,2024,BS,st_investments,169295000.0,AvailableForSaleSecuritiesDebtSecuritiesCurrent,2024-12-28,2026-02-20,0001039399-26-000009
FORM,2025,BS,st_investments,171842000.0,AvailableForSaleSecuritiesDebtSecuritiesCurrent,2025-12-27,2026-02-20,0001039399-26-000009
FORM,2016,BS,total_assets,618982000.0,Assets,2016-12-31,2018-02-27,0001039399-18-000014
FORM,2017,BS,total_assets,646574000.0,Assets,2017-12-30,2019-02-26,0001039399-19-000010
FORM,2018,BS,total_assets,728222000.0,Assets,2018-12-29,2020-02-21,0001039399-20-000011
FORM,2019,BS,total_assets,839882000.0,Assets,2019-12-28,2021-02-22,0001039399-21-000009
FORM,2020,BS,total_assets,963217000.0,Assets,2020-12-26,2022-02-18,0001039399-22-000014
FORM,2021,BS,total_assets,1020520000.0,Assets,2021-12-25,2023-02-24,0001039399-23-000010
FORM,2022,BS,total_assets,1008228000.0,Assets,2022-12-31,2024-02-23,0001039399-24-000007
FORM,2023,BS,total_assets,1106794000.0,Assets,2023-12-30,2025-02-21,0001039399-25-000023
FORM,2024,BS,total_assets,1146215000.0,Assets,2024-12-28,2026-02-20,0001039399-26-000009
FORM,2025,BS,total_assets,1224362000.0,Assets,2025-12-27,2026-02-20,0001039399-26-000009
FORM,2016,BS,total_equity,401056000.0,StockholdersEquity,2016-12-31,2020-02-21,0001039399-20-000011
FORM,2017,BS,total_equity,458637000.0,StockholdersEquity,2017-12-30,2021-02-22,0001039399-21-000009
FORM,2018,BS,total_equity,580164000.0,StockholdersEquity,2018-12-29,2022-02-18,0001039399-22-000014
FORM,2019,BS,total_equity,640997000.0,StockholdersEquity,2019-12-28,2023-02-24,0001039399-23-000010
FORM,2020,BS,total_equity,744084000.0,StockholdersEquity,2020-12-26,2024-02-23,0001039399-24-000007
FORM,2021,BS,total_equity,815780000.0,StockholdersEquity,2021-12-25,2025-02-21,0001039399-25-000023
FORM,2022,BS,total_equity,808285000.0,StockholdersEquity,2022-12-31,2026-02-20,0001039399-26-000009
FORM,2023,BS,total_equity,908804000.0,StockholdersEquity,2023-12-30,2026-02-20,0001039399-26-000009
FORM,2024,BS,total_equity,947768000.0,StockholdersEquity,2024-12-28,2026-02-20,0001039399-26-000009
FORM,2025,BS,total_equity,1035403000.0,StockholdersEquity,2025-12-27,2026-02-20,0001039399-26-000009
FORM,2016,BS,total_liabilities,217926000.0,Liabilities,2016-12-31,2018-02-27,0001039399-18-000014
FORM,2017,BS,total_liabilities,187937000.0,Liabilities,2017-12-30,2019-02-26,0001039399-19-000010
FORM,2018,BS,total_liabilities,148058000.0,Liabilities,2018-12-29,2020-02-21,0001039399-20-000011
FORM,2019,BS,total_liabilities,198885000.0,Liabilities,2019-12-28,2021-02-22,0001039399-21-000009
FORM,2020,BS,total_liabilities,219133000.0,Liabilities,2020-12-26,2022-02-18,0001039399-22-000014
FORM,2021,BS,total_liabilities,204740000.0,Liabilities,2021-12-25,2023-02-24,0001039399-23-000010
FORM,2022,BS,total_liabilities,199943000.0,Liabilities,2022-12-31,2024-02-23,0001039399-24-000007
FORM,2023,BS,total_liabilities,197990000.0,Liabilities,2023-12-30,2025-02-21,0001039399-25-000023
FORM,2024,BS,total_liabilities,198447000.0,Liabilities,2024-12-28,2026-02-20,0001039399-26-000009
FORM,2025,BS,total_liabilities,188959000.0,Liabilities,2025-12-27,2026-02-20,0001039399-26-000009
FORM,2016,CF,acquisitions,228031000.0,PaymentsToAcquireBusinessesNetOfCashAcquired,2016-12-31,2019-02-26,0001039399-19-000010
FORM,2017,CF,acquisitions,0.0,PaymentsToAcquireBusinessesNetOfCashAcquired,2017-12-30,2020-02-21,0001039399-20-000011
FORM,2018,CF,acquisitions,0.0,PaymentsToAcquireBusinessesNetOfCashAcquired,2018-12-29,2021-02-22,0001039399-21-000009
FORM,2019,CF,acquisitions,20524000.0,PaymentsToAcquireBusinessesNetOfCashAcquired,2019-12-28,2022-02-18,0001039399-22-000014
FORM,2020,CF,acquisitions,51880000.0,PaymentsToAcquireBusinessesNetOfCashAcquired,2020-12-26,2023-02-24,0001039399-23-000010
FORM,2021,CF,acquisitions,0.0,PaymentsToAcquireBusinessesNetOfCashAcquired,2021-12-25,2024-02-23,0001039399-24-000007
FORM,2022,CF,acquisitions,3350000.0,PaymentsToAcquireBusinessesNetOfCashAcquired,2022-12-31,2025-02-21,0001039399-25-000023
FORM,2023,CF,acquisitions,0.0,PaymentsToAcquireBusinessesNetOfCashAcquired,2023-12-30,2026-02-20,0001039399-26-000009
FORM,2024,CF,acquisitions,0.0,PaymentsToAcquireBusinessesNetOfCashAcquired,2024-12-28,2026-02-20,0001039399-26-000009
FORM,2025,CF,acquisitions,20580000.0,PaymentsToAcquireBusinessesNetOfCashAcquired,2025-12-27,2026-02-20,0001039399-26-000009
FORM,2016,CF,buybacks,0.0,PaymentsForRepurchaseOfCommonStock,2016-12-31,2019-02-26,0001039399-19-000010
FORM,2017,CF,buybacks,18970000.0,PaymentsForRepurchaseOfCommonStock,2017-12-30,2020-02-21,0001039399-20-000011
FORM,2018,CF,buybacks,0.0,PaymentsForRepurchaseOfCommonStock,2018-12-29,2020-02-21,0001039399-20-000011
FORM,2019,CF,buybacks,0.0,PaymentsForRepurchaseOfCommonStock,2019-12-28,2022-02-18,0001039399-22-000014
FORM,2020,CF,buybacks,0.0,PaymentsForRepurchaseOfCommonStock,2020-12-26,2023-02-24,0001039399-23-000010
FORM,2021,CF,buybacks,24038000.0,PaymentsForRepurchaseOfCommonStock,2021-12-25,2024-02-23,0001039399-24-000007
FORM,2022,CF,buybacks,82328000.0,PaymentsForRepurchaseOfCommonStock,2022-12-31,2025-02-21,0001039399-25-000023
FORM,2023,CF,buybacks,19801000.0,PaymentsForRepurchaseOfCommonStock,2023-12-30,2026-02-20,0001039399-26-000009
FORM,2024,CF,buybacks,53302000.0,PaymentsForRepurchaseOfCommonStock,2024-12-28,2026-02-20,0001039399-26-000009
FORM,2025,CF,buybacks,26244000.0,PaymentsForRepurchaseOfCommonStock,2025-12-27,2026-02-20,0001039399-26-000009
FORM,2016,CF,capex,11521000.0,PaymentsToAcquirePropertyPlantAndEquipment,2016-12-31,2019-02-26,0001039399-19-000010
FORM,2017,CF,capex,17756000.0,PaymentsToAcquirePropertyPlantAndEquipment,2017-12-30,2020-02-21,0001039399-20-000011
FORM,2018,CF,capex,19869000.0,PaymentsToAcquirePropertyPlantAndEquipment,2018-12-29,2021-02-22,0001039399-21-000009
FORM,2019,CF,capex,20847000.0,PaymentsToAcquirePropertyPlantAndEquipment,2019-12-28,2022-02-18,0001039399-22-000014
FORM,2020,CF,capex,55865000.0,PaymentsToAcquirePropertyPlantAndEquipment,2020-12-26,2023-02-24,0001039399-23-000010
FORM,2021,CF,capex,66496000.0,PaymentsToAcquirePropertyPlantAndEquipment,2021-12-25,2024-02-23,0001039399-24-000007
FORM,2022,CF,capex,65254000.0,PaymentsToAcquirePropertyPlantAndEquipment,2022-12-31,2025-02-21,0001039399-25-000023
FORM,2023,CF,capex,56027000.0,PaymentsToAcquirePropertyPlantAndEquipment,2023-12-30,2026-02-20,0001039399-26-000009
FORM,2024,CF,capex,38436000.0,PaymentsToAcquirePropertyPlantAndEquipment,2024-12-28,2026-02-20,0001039399-26-000009
FORM,2025,CF,capex,103658000.0,PaymentsToAcquirePropertyPlantAndEquipment,2025-12-27,2026-02-20,0001039399-26-000009
FORM,2016,CF,depreciation,11371000.0,Depreciation,2016-12-31,2019-02-26,0001039399-19-000010
FORM,2017,CF,depreciation,13626000.0,Depreciation,2017-12-30,2020-02-21,0001039399-20-000011
FORM,2018,CF,depreciation,14314000.0,Depreciation,2018-12-29,2021-02-22,0001039399-21-000009
FORM,2019,CF,depreciation,17185000.0,Depreciation,2019-12-28,2022-02-18,0001039399-22-000014
FORM,2020,CF,depreciation,20694000.0,Depreciation,2020-12-26,2023-02-24,0001039399-23-000010
FORM,2021,CF,depreciation,25772000.0,Depreciation,2021-12-25,2024-02-23,0001039399-24-000007
FORM,2022,CF,depreciation,28646000.0,Depreciation,2022-12-31,2025-02-21,0001039399-25-000023
FORM,2023,CF,depreciation,37453000.0,Depreciation,2023-12-30,2026-02-20,0001039399-26-000009
FORM,2024,CF,depreciation,32903000.0,Depreciation,2024-12-28,2026-02-20,0001039399-26-000009
FORM,2025,CF,depreciation,37589000.0,Depreciation,2025-12-27,2026-02-20,0001039399-26-000009
FORM,2017,CF,operating_cash_flow,86323000.0,NetCashProvidedByUsedInOperatingActivities,2017-12-30,2020-02-21,0001039399-20-000011
FORM,2018,CF,operating_cash_flow,68700000.0,NetCashProvidedByUsedInOperatingActivities,2018-12-29,2021-02-22,0001039399-21-000009
FORM,2019,CF,operating_cash_flow,121048000.0,NetCashProvidedByUsedInOperatingActivities,2019-12-28,2022-02-18,0001039399-22-000014
FORM,2020,CF,operating_cash_flow,169256000.0,NetCashProvidedByUsedInOperatingActivities,2020-12-26,2023-02-24,0001039399-23-000010
FORM,2021,CF,operating_cash_flow,139364000.0,NetCashProvidedByUsedInOperatingActivities,2021-12-25,2024-02-23,0001039399-24-000007
FORM,2022,CF,operating_cash_flow,131786000.0,NetCashProvidedByUsedInOperatingActivities,2022-12-31,2025-02-21,0001039399-25-000023
FORM,2023,CF,operating_cash_flow,64602000.0,NetCashProvidedByUsedInOperatingActivities,2023-12-30,2026-02-20,0001039399-26-000009
FORM,2024,CF,operating_cash_flow,117534000.0,NetCashProvidedByUsedInOperatingActivities,2024-12-28,2026-02-20,0001039399-26-000009
FORM,2025,CF,operating_cash_flow,115398000.0,NetCashProvidedByUsedInOperatingActivities,2025-12-27,2026-02-20,0001039399-26-000009
FORM,2016,CF,stock_comp,11686000.0,ShareBasedCompensation,2016-12-31,2019-02-26,0001039399-19-000010
FORM,2017,CF,stock_comp,16339000.0,ShareBasedCompensation,2017-12-30,2020-02-21,0001039399-20-000011
FORM,2018,CF,stock_comp,17827000.0,ShareBasedCompensation,2018-12-29,2021-02-22,0001039399-21-000009
FORM,2019,CF,stock_comp,23176000.0,ShareBasedCompensation,2019-12-28,2022-02-18,0001039399-22-000014
FORM,2020,CF,stock_comp,23830000.0,ShareBasedCompensation,2020-12-26,2023-02-24,0001039399-23-000010
FORM,2021,CF,stock_comp,29384000.0,ShareBasedCompensation,2021-12-25,2024-02-23,0001039399-24-000007
FORM,2022,CF,stock_comp,31337000.0,ShareBasedCompensation,2022-12-31,2025-02-21,0001039399-25-000023
FORM,2023,CF,stock_comp,38616000.0,ShareBasedCompensation,2023-12-30,2026-02-20,0001039399-26-000009
FORM,2024,CF,stock_comp,39763000.0,ShareBasedCompensation,2024-12-28,2026-02-20,0001039399-26-000009
FORM,2025,CF,stock_comp,38576000.0,ShareBasedCompensation,2025-12-27,2026-02-20,0001039399-26-000009
FORM,2016,IS,cost_of_revenue,281199000.0,CostOfGoodsAndServicesSold,2016-12-31,2019-02-26,0001039399-19-000010
FORM,2017,IS,cost_of_revenue,332844000.0,CostOfGoodsAndServicesSold,2017-12-30,2020-02-21,0001039399-20-000011
FORM,2018,IS,cost_of_revenue,319336000.0,CostOfGoodsAndServicesSold,2018-12-29,2021-02-22,0001039399-21-000009
FORM,2019,IS,cost_of_revenue,351968000.0,CostOfGoodsAndServicesSold,2019-12-28,2022-02-18,0001039399-22-000014
FORM,2020,IS,cost_of_revenue,405696000.0,CostOfGoodsAndServicesSold,2020-12-26,2023-02-24,0001039399-23-000010
FORM,2021,IS,cost_of_revenue,446907000.0,CostOfGoodsAndServicesSold,2021-12-25,2024-02-23,0001039399-24-000007
FORM,2022,IS,cost_of_revenue,451928000.0,CostOfGoodsAndServicesSold,2022-12-31,2025-02-21,0001039399-25-000023
FORM,2023,IS,cost_of_revenue,404522000.0,CostOfGoodsAndServicesSold,2023-12-30,2026-02-20,0001039399-26-000009
FORM,2024,IS,cost_of_revenue,455676000.0,CostOfGoodsAndServicesSold,2024-12-28,2026-02-20,0001039399-26-000009
FORM,2025,IS,cost_of_revenue,476142000.0,CostOfGoodsAndServicesSold,2025-12-27,2026-02-20,0001039399-26-000009
FORM,2016,IS,eps_diluted,-0.1,EarningsPerShareDiluted,2016-12-31,2019-02-26,0001039399-19-000010
FORM,2017,IS,eps_diluted,0.55,EarningsPerShareDiluted,2017-12-30,2020-02-21,0001039399-20-000011
FORM,2018,IS,eps_diluted,1.38,EarningsPerShareDiluted,2018-12-29,2021-02-22,0001039399-21-000009
FORM,2019,IS,eps_diluted,0.51,EarningsPerShareDiluted,2019-12-28,2022-02-18,0001039399-22-000014
FORM,2020,IS,eps_diluted,0.99,EarningsPerShareDiluted,2020-12-26,2023-02-24,0001039399-23-000010
FORM,2021,IS,eps_diluted,1.06,EarningsPerShareDiluted,2021-12-25,2024-02-23,0001039399-24-000007
FORM,2022,IS,eps_diluted,0.65,EarningsPerShareDiluted,2022-12-31,2025-02-21,0001039399-25-000023
FORM,2023,IS,eps_diluted,1.05,EarningsPerShareDiluted,2023-12-30,2026-02-20,0001039399-26-000009
FORM,2024,IS,eps_diluted,0.89,EarningsPerShareDiluted,2024-12-28,2026-02-20,0001039399-26-000009
FORM,2025,IS,eps_diluted,0.69,EarningsPerShareDiluted,2025-12-27,2026-02-20,0001039399-26-000009
FORM,2016,IS,gross_profit,102682000.0,GrossProfit,2016-12-31,2019-02-26,0001039399-19-000010
FORM,2017,IS,gross_profit,215597000.0,GrossProfit,2017-12-30,2020-02-21,0001039399-20-000011
FORM,2018,IS,gross_profit,210339000.0,GrossProfit,2018-12-29,2021-02-22,0001039399-21-000009
FORM,2019,IS,gross_profit,237496000.0,GrossProfit,2019-12-28,2022-02-18,0001039399-22-000014
FORM,2020,IS,gross_profit,287920000.0,GrossProfit,2020-12-26,2023-02-24,0001039399-23-000010
FORM,2021,IS,gross_profit,322767000.0,GrossProfit,2021-12-25,2024-02-23,0001039399-24-000007
FORM,2022,IS,gross_profit,296009000.0,GrossProfit,2022-12-31,2025-02-21,0001039399-25-000023
FORM,2023,IS,gross_profit,258580000.0,GrossProfit,2023-12-30,2026-02-20,0001039399-26-000009
FORM,2024,IS,gross_profit,307923000.0,GrossProfit,2024-12-28,2026-02-20,0001039399-26-000009
FORM,2025,IS,gross_profit,308851000.0,GrossProfit,2025-12-27,2026-02-20,0001039399-26-000009
FORM,2016,IS,income_tax,-43638000.0,IncomeTaxExpenseBenefit,2016-12-31,2019-02-26,0001039399-19-000010
FORM,2017,IS,income_tax,1293000.0,IncomeTaxExpenseBenefit,2017-12-30,2020-02-21,0001039399-20-000011
FORM,2018,IS,income_tax,-70109000.0,IncomeTaxExpenseBenefit,2018-12-29,2021-02-22,0001039399-21-000009
FORM,2019,IS,income_tax,11717000.0,IncomeTaxExpenseBenefit,2019-12-28,2022-02-18,0001039399-22-000014
FORM,2020,IS,income_tax,6652000.0,IncomeTaxExpenseBenefit,2020-12-26,2023-02-24,0001039399-23-000010
FORM,2021,IS,income_tax,14576000.0,IncomeTaxExpenseBenefit,2021-12-25,2024-02-23,0001039399-24-000007
FORM,2022,IS,income_tax,7132000.0,IncomeTaxExpenseBenefit,2022-12-31,2025-02-21,0001039399-25-000023
FORM,2023,IS,income_tax,6880000.0,IncomeTaxExpenseBenefit,2023-12-30,2026-02-20,0001039399-26-000009
FORM,2024,IS,income_tax,9798000.0,IncomeTaxExpenseBenefit,2024-12-28,2026-02-20,0001039399-26-000009
FORM,2025,IS,income_tax,13004000.0,IncomeTaxExpenseBenefit,2025-12-27,2026-02-20,0001039399-26-000009
FORM,2016,IS,net_income,-6557000.0,NetIncomeLoss,2016-12-31,2019-02-26,0001039399-19-000010
FORM,2017,IS,net_income,40913000.0,NetIncomeLoss,2017-12-30,2020-02-21,0001039399-20-000011
FORM,2018,IS,net_income,104036000.0,NetIncomeLoss,2018-12-29,2021-02-22,0001039399-21-000009
FORM,2019,IS,net_income,39346000.0,NetIncomeLoss,2019-12-28,2022-02-18,0001039399-22-000014
FORM,2020,IS,net_income,78523000.0,NetIncomeLoss,2020-12-26,2023-02-24,0001039399-23-000010
FORM,2021,IS,net_income,83924000.0,NetIncomeLoss,2021-12-25,2024-02-23,0001039399-24-000007
FORM,2022,IS,net_income,50738000.0,NetIncomeLoss,2022-12-31,2025-02-21,0001039399-25-000023
FORM,2023,IS,net_income,82387000.0,NetIncomeLoss,2023-12-30,2026-02-20,0001039399-26-000009
FORM,2024,IS,net_income,69614000.0,NetIncomeLoss,2024-12-28,2026-02-20,0001039399-26-000009
FORM,2025,IS,net_income,54361000.0,NetIncomeLoss,2025-12-27,2026-02-20,0001039399-26-000009
FORM,2016,IS,operating_income,-47907000.0,OperatingIncomeLoss,2016-12-31,2019-02-26,0001039399-19-000010
FORM,2017,IS,operating_income,46301000.0,OperatingIncomeLoss,2017-12-30,2020-02-21,0001039399-20-000011
FORM,2018,IS,operating_income,36109000.0,OperatingIncomeLoss,2018-12-29,2021-02-22,0001039399-21-000009
FORM,2019,IS,operating_income,49662000.0,OperatingIncomeLoss,2019-12-28,2022-02-18,0001039399-22-000014
FORM,2020,IS,operating_income,83788000.0,OperatingIncomeLoss,2020-12-26,2023-02-24,0001039399-23-000010
FORM,2021,IS,operating_income,98038000.0,OperatingIncomeLoss,2021-12-25,2024-02-23,0001039399-24-000007
FORM,2022,IS,operating_income,54912000.0,OperatingIncomeLoss,2022-12-31,2025-02-21,0001039399-25-000023
FORM,2023,IS,operating_income,82756000.0,OperatingIncomeLoss,2023-12-30,2026-02-20,0001039399-26-000009
FORM,2024,IS,operating_income,64780000.0,OperatingIncomeLoss,2024-12-28,2026-02-20,0001039399-26-000009
FORM,2025,IS,operating_income,57070000.0,OperatingIncomeLoss,2025-12-27,2026-02-20,0001039399-26-000009
FORM,2016,IS,rd_expense,57453000.0,ResearchAndDevelopmentExpense,2016-12-31,2019-02-26,0001039399-19-000010
FORM,2017,IS,rd_expense,73807000.0,ResearchAndDevelopmentExpense,2017-12-30,2020-02-21,0001039399-20-000011
FORM,2018,IS,rd_expense,74976000.0,ResearchAndDevelopmentExpense,2018-12-29,2021-02-22,0001039399-21-000009
FORM,2019,IS,rd_expense,81499000.0,ResearchAndDevelopmentExpense,2019-12-28,2022-02-18,0001039399-22-000014
FORM,2020,IS,rd_expense,89034000.0,ResearchAndDevelopmentExpense,2020-12-26,2023-02-24,0001039399-23-000010
FORM,2021,IS,rd_expense,100937000.0,ResearchAndDevelopmentExpense,2021-12-25,2024-02-23,0001039399-24-000007
FORM,2022,IS,rd_expense,109222000.0,ResearchAndDevelopmentExpense,2022-12-31,2025-02-21,0001039399-25-000023
FORM,2023,IS,rd_expense,115765000.0,ResearchAndDevelopmentExpense,2023-12-30,2026-02-20,0001039399-26-000009
FORM,2024,IS,rd_expense,121938000.0,ResearchAndDevelopmentExpense,2024-12-28,2026-02-20,0001039399-26-000009
FORM,2025,IS,rd_expense,115682000.0,ResearchAndDevelopmentExpense,2025-12-27,2026-02-20,0001039399-26-000009
FORM,2016,IS,revenue,383881000.0,RevenueFromContractWithCustomerExcludingAssessedTax,2016-12-31,2019-02-26,0001039399-19-000010
FORM,2017,IS,revenue,548441000.0,RevenueFromContractWithCustomerExcludingAssessedTax,2017-12-30,2020-02-21,0001039399-20-000011
FORM,2018,IS,revenue,529675000.0,RevenueFromContractWithCustomerExcludingAssessedTax,2018-12-29,2021-02-22,0001039399-21-000009
FORM,2019,IS,revenue,589464000.0,RevenueFromContractWithCustomerExcludingAssessedTax,2019-12-28,2022-02-18,0001039399-22-000014
FORM,2020,IS,revenue,693616000.0,RevenueFromContractWithCustomerExcludingAssessedTax,2020-12-26,2023-02-24,0001039399-23-000010
FORM,2021,IS,revenue,769674000.0,RevenueFromContractWithCustomerExcludingAssessedTax,2021-12-25,2024-02-23,0001039399-24-000007
FORM,2022,IS,revenue,747937000.0,RevenueFromContractWithCustomerExcludingAssessedTax,2022-12-31,2025-02-21,0001039399-25-000023
FORM,2023,IS,revenue,663102000.0,RevenueFromContractWithCustomerExcludingAssessedTax,2023-12-30,2026-02-20,0001039399-26-000009
FORM,2024,IS,revenue,763599000.0,RevenueFromContractWithCustomerExcludingAssessedTax,2024-12-28,2026-02-20,0001039399-26-000009
FORM,2025,IS,revenue,784993000.0,RevenueFromContractWithCustomerExcludingAssessedTax,2025-12-27,2026-02-20,0001039399-26-000009
FORM,2016,IS,sga_expense,73444000.0,SellingGeneralAndAdministrativeExpense,2016-12-31,2019-02-26,0001039399-19-000010
FORM,2017,IS,sga_expense,95489000.0,SellingGeneralAndAdministrativeExpense,2017-12-30,2020-02-21,0001039399-20-000011
FORM,2018,IS,sga_expense,99254000.0,SellingGeneralAndAdministrativeExpense,2018-12-29,2021-02-22,0001039399-21-000009
FORM,2019,IS,sga_expense,106335000.0,SellingGeneralAndAdministrativeExpense,2019-12-28,2022-02-18,0001039399-22-000014
FORM,2020,IS,sga_expense,115098000.0,SellingGeneralAndAdministrativeExpense,2020-12-26,2023-02-24,0001039399-23-000010
FORM,2021,IS,sga_expense,123792000.0,SellingGeneralAndAdministrativeExpense,2021-12-25,2024-02-23,0001039399-24-000007
FORM,2022,IS,sga_expense,131875000.0,SellingGeneralAndAdministrativeExpense,2022-12-31,2025-02-21,0001039399-25-000023
FORM,2023,IS,sga_expense,133012000.0,SellingGeneralAndAdministrativeExpense,2023-12-30,2026-02-20,0001039399-26-000009
FORM,2024,IS,sga_expense,141786000.0,SellingGeneralAndAdministrativeExpense,2024-12-28,2026-02-20,0001039399-26-000009
FORM,2025,IS,sga_expense,133074000.0,SellingGeneralAndAdministrativeExpense,2025-12-27,2026-02-20,0001039399-26-000009
FORM,2016,IS,shares_diluted,64941000.0,WeightedAverageNumberOfDilutedSharesOutstanding,2016-12-31,2019-02-26,0001039399-19-000010
FORM,2017,IS,shares_diluted,74239000.0,WeightedAverageNumberOfDilutedSharesOutstanding,2017-12-30,2020-02-21,0001039399-20-000011
FORM,2018,IS,shares_diluted,75182000.0,WeightedAverageNumberOfDilutedSharesOutstanding,2018-12-29,2021-02-22,0001039399-21-000009
FORM,2019,IS,shares_diluted,77286000.0,WeightedAverageNumberOfDilutedSharesOutstanding,2019-12-28,2022-02-18,0001039399-22-000014
FORM,2020,IS,shares_diluted,79001000.0,WeightedAverageNumberOfDilutedSharesOutstanding,2020-12-26,2023-02-24,0001039399-23-000010
FORM,2021,IS,shares_diluted,79133000.0,WeightedAverageNumberOfDilutedSharesOutstanding,2021-12-25,2024-02-23,0001039399-24-000007
FORM,2022,IS,shares_diluted,78201000.0,WeightedAverageNumberOfDilutedSharesOutstanding,2022-12-31,2025-02-21,0001039399-25-000023
FORM,2023,IS,shares_diluted,78159000.0,WeightedAverageNumberOfDilutedSharesOutstanding,2023-12-30,2026-02-20,0001039399-26-000009
FORM,2024,IS,shares_diluted,78437000.0,WeightedAverageNumberOfDilutedSharesOutstanding,2024-12-28,2026-02-20,0001039399-26-000009
FORM,2025,IS,shares_diluted,78313000.0,WeightedAverageNumberOfDilutedSharesOutstanding,2025-12-27,2026-02-20,0001039399-26-000009
