ticker,period,period_type,market,revenue_musd,source,source_url,note
FORM,2025,FY,Foundry & Logic,369.90,stockanalysis.com (FORM 10-K FY2025 segment data),https://stockanalysis.com/stocks/form/financials/metrics/,
FORM,2025,FY,DRAM,247.40,stockanalysis.com (FORM 10-K FY2025 segment data),https://stockanalysis.com/stocks/form/financials/metrics/,
FORM,2025,FY,Flash,20.60,stockanalysis.com (FORM 10-K FY2025 segment data),https://stockanalysis.com/stocks/form/financials/metrics/,
FORM,2025,FY,Systems,147.10,stockanalysis.com (FORM 10-K FY2025 segment data),https://stockanalysis.com/stocks/form/financials/metrics/,
FORM,2024,FY,Foundry & Logic,381.18,stockanalysis.com (FORM 10-K FY2024 segment data),https://stockanalysis.com/stocks/form/financials/metrics/,
FORM,2024,FY,DRAM,227.42,stockanalysis.com (FORM 10-K FY2024 segment data),https://stockanalysis.com/stocks/form/financials/metrics/,
FORM,2024,FY,Flash,17.36,stockanalysis.com (FORM 10-K FY2024 segment data),https://stockanalysis.com/stocks/form/financials/metrics/,
FORM,2024,FY,Systems,137.64,stockanalysis.com (FORM 10-K FY2024 segment data),https://stockanalysis.com/stocks/form/financials/metrics/,
FORM,2023,FY,Foundry & Logic,363.539,FORM FY2023 10-K,https://www.sec.gov/Archives/edgar/data/1039399/000103939924000007/form-20231230.htm,
FORM,2023,FY,DRAM,113.779,FORM FY2023 10-K,https://www.sec.gov/Archives/edgar/data/1039399/000103939924000007/form-20231230.htm,
FORM,2023,FY,Flash,20.585,FORM FY2023 10-K,https://www.sec.gov/Archives/edgar/data/1039399/000103939924000007/form-20231230.htm,
FORM,2023,FY,Systems,165.199,FORM FY2023 10-K,https://www.sec.gov/Archives/edgar/data/1039399/000103939924000007/form-20231230.htm,"Includes $21.2M Metrology (FRT), sold Q4 2023"
FORM,2022,FY,Foundry & Logic,409.196,FORM FY2023 10-K,https://www.sec.gov/Archives/edgar/data/1039399/000103939924000007/form-20231230.htm,
FORM,2022,FY,DRAM,133.446,FORM FY2023 10-K,https://www.sec.gov/Archives/edgar/data/1039399/000103939924000007/form-20231230.htm,
FORM,2022,FY,Flash,48.780,FORM FY2023 10-K,https://www.sec.gov/Archives/edgar/data/1039399/000103939924000007/form-20231230.htm,
FORM,2022,FY,Systems,156.515,FORM FY2023 10-K,https://www.sec.gov/Archives/edgar/data/1039399/000103939924000007/form-20231230.htm,Includes $29.0M Metrology (FRT)
FORM,2023H1,H1,Foundry & Logic,183.529,FORM 10-Q for six months ended 2023-07-01,https://investors.formfactor.com/static-files/fdd06538-d30a-46ec-b49d-e2e5c63db6f2,
FORM,2023H1,H1,DRAM,50.354,FORM 10-Q for six months ended 2023-07-01,https://investors.formfactor.com/static-files/fdd06538-d30a-46ec-b49d-e2e5c63db6f2,
FORM,2023H1,H1,Flash,8.748,FORM 10-Q for six months ended 2023-07-01,https://investors.formfactor.com/static-files/fdd06538-d30a-46ec-b49d-e2e5c63db6f2,
FORM,2023H1,H1,Systems,80.733,FORM 10-Q for six months ended 2023-07-01,https://investors.formfactor.com/static-files/fdd06538-d30a-46ec-b49d-e2e5c63db6f2,
FORM,2022H1,H1,Foundry & Logic,236.501,FORM 10-Q for six months ended 2023-07-01 (prior-year column),https://investors.formfactor.com/static-files/fdd06538-d30a-46ec-b49d-e2e5c63db6f2,
FORM,2022H1,H1,DRAM,71.280,FORM 10-Q for six months ended 2023-07-01 (prior-year column),https://investors.formfactor.com/static-files/fdd06538-d30a-46ec-b49d-e2e5c63db6f2,
FORM,2022H1,H1,Flash,19.910,FORM 10-Q for six months ended 2023-07-01 (prior-year column),https://investors.formfactor.com/static-files/fdd06538-d30a-46ec-b49d-e2e5c63db6f2,
FORM,2022H1,H1,Systems,73.390,FORM 10-Q for six months ended 2023-07-01 (prior-year column),https://investors.formfactor.com/static-files/fdd06538-d30a-46ec-b49d-e2e5c63db6f2,
FORM,TTM 2026Q2,TTM,Foundry & Logic,418.14,"stockanalysis.com, trailing 12 months to 2026-06-27",https://stockanalysis.com/stocks/form/financials/metrics/,
FORM,TTM 2026Q2,TTM,DRAM,309.41,"stockanalysis.com, trailing 12 months to 2026-06-27",https://stockanalysis.com/stocks/form/financials/metrics/,
FORM,TTM 2026Q2,TTM,Flash,19.67,"stockanalysis.com, trailing 12 months to 2026-06-27",https://stockanalysis.com/stocks/form/financials/metrics/,
FORM,TTM 2026Q2,TTM,Systems,155.00,"stockanalysis.com, trailing 12 months to 2026-06-27",https://stockanalysis.com/stocks/form/financials/metrics/,
