topic,item,year,value,unit,source,source_url
market_size,Global probe card market,2026,3.04,USD bn,Mordor Intelligence probe card market report,https://www.mordorintelligence.com/industry-reports/probe-card-market
market_size,Global probe card market,2031,4.75,USD bn,Mordor Intelligence probe card market report,https://www.mordorintelligence.com/industry-reports/probe-card-market
market_size,Global probe card market CAGR 2026-2031,2026,9.35,%,Mordor Intelligence probe card market report,https://www.mordorintelligence.com/industry-reports/probe-card-market
market_size,Global probe card market,2023,2.7,USD bn,Cognitive Market Research (different methodology),https://www.cognitivemarketresearch.com/probe-card-market-report
concentration,Top-3 vendors share of revenue,2025,60,%,Mordor Intelligence (approximate),https://www.mordorintelligence.com/industry-reports/probe-card-market
segment,Foundry & Logic share of probe card market,2025,47.59,%,Mordor Intelligence,https://www.mordorintelligence.com/industry-reports/probe-card-market
segment,MEMS probe card share of market,2025,44.76,%,Mordor Intelligence,https://www.mordorintelligence.com/industry-reports/probe-card-market
segment,Asia Pacific share of market,2025,84.12,%,Mordor Intelligence,https://www.mordorintelligence.com/industry-reports/probe-card-market
segment,Foundries share of spending,2025,56.21,%,Mordor Intelligence,https://www.mordorintelligence.com/industry-reports/probe-card-market
geography,FORM international share of revenue,2023,74,%,FORM FY2025 10-K,https://investors.formfactor.com/static-files/f533947f-8aa6-4043-9dde-35c31aac81f0
geography,FORM international share of revenue,2024,76,%,FORM FY2025 10-K,https://investors.formfactor.com/static-files/f533947f-8aa6-4043-9dde-35c31aac81f0
geography,FORM international share of revenue,2025,81,%,FORM FY2025 10-K,https://investors.formfactor.com/static-files/f533947f-8aa6-4043-9dde-35c31aac81f0
geography,FORM China share of revenue,2023,14,%,FORM FY2025 10-K,https://investors.formfactor.com/static-files/f533947f-8aa6-4043-9dde-35c31aac81f0
geography,FORM China share of revenue,2024,14,%,FORM FY2025 10-K,https://investors.formfactor.com/static-files/f533947f-8aa6-4043-9dde-35c31aac81f0
geography,FORM China share of revenue,2025,7,%,FORM FY2025 10-K,https://investors.formfactor.com/static-files/f533947f-8aa6-4043-9dde-35c31aac81f0
customers,FORM largest single customer share of revenue,2025,22.9,%,FORM FY2025 10-K (largest customer; SK hynix per quarterly customer table),https://investors.formfactor.com/static-files/f533947f-8aa6-4043-9dde-35c31aac81f0
customers,Intel share of FORM revenue (six months),2022,20.9,%,FORM 10-Q six months ended 2023-07-01 (prior-year column),https://investors.formfactor.com/static-files/fdd06538-d30a-46ec-b49d-e2e5c63db6f2
customers,Intel share of FORM revenue (six months),2023,17.2,%,FORM 10-Q six months ended 2023-07-01,https://investors.formfactor.com/static-files/fdd06538-d30a-46ec-b49d-e2e5c63db6f2
outlook,FORM Q1 2026 revenue guidance midpoint,2026,225,USD m,FORM Q4 2025 earnings release,https://www.globenewswire.com/news-release/2026/02/04/3232457/0/en/FormFactor-Inc-Reports-2025-Fourth-Quarter-Results.html
outlook,FORM Q1 2026 non-GAAP gross margin guidance midpoint,2026,45,%,FORM Q4 2025 earnings release,https://www.globenewswire.com/news-release/2026/02/04/3232457/0/en/FormFactor-Inc-Reports-2025-Fourth-Quarter-Results.html
outlook,FORM FY2025 non-GAAP gross margin,2025,40.8,%,FORM Q4 2025 earnings release,https://www.globenewswire.com/news-release/2026/02/04/3232457/0/en/FormFactor-Inc-Reports-2025-Fourth-Quarter-Results.html
