ticker,fiscal_year,segment,revenue_musd,gross_profit_musd,gross_margin_pct,source,source_url
FORM,2025,Probe Cards,637.900,258.500,40.5,FORM FY2025 10-K,https://investors.formfactor.com/static-files/f533947f-8aa6-4043-9dde-35c31aac81f0
FORM,2025,Systems,147.100,61.553,41.8,FORM FY2025 10-K,https://investors.formfactor.com/static-files/f533947f-8aa6-4043-9dde-35c31aac81f0
FORM,2025,Corporate and Other,,-11.202,,FORM FY2025 10-K,https://investors.formfactor.com/static-files/f533947f-8aa6-4043-9dde-35c31aac81f0
FORM,2024,Probe Cards,625.960,259.007,41.4,FORM FY2025 10-K,https://investors.formfactor.com/static-files/f533947f-8aa6-4043-9dde-35c31aac81f0
FORM,2024,Systems,137.640,59.511,43.2,FORM FY2025 10-K,https://investors.formfactor.com/static-files/f533947f-8aa6-4043-9dde-35c31aac81f0
FORM,2024,Corporate and Other,,-10.595,,FORM FY2025 10-K,https://investors.formfactor.com/static-files/f533947f-8aa6-4043-9dde-35c31aac81f0
FORM,2023,Probe Cards,497.903,185.392,37.2,FORM FY2023 10-K,https://www.sec.gov/Archives/edgar/data/1039399/000103939924000007/form-20231230.htm
FORM,2023,Systems,165.199,84.735,51.3,FORM FY2023 10-K,https://www.sec.gov/Archives/edgar/data/1039399/000103939924000007/form-20231230.htm
FORM,2023,Corporate and Other,,-11.547,,FORM FY2023 10-K,https://www.sec.gov/Archives/edgar/data/1039399/000103939924000007/form-20231230.htm
FORM,2022,Probe Cards,591.422,235.562,39.8,FORM FY2023 10-K,https://www.sec.gov/Archives/edgar/data/1039399/000103939924000007/form-20231230.htm
FORM,2022,Systems,156.515,80.937,51.7,FORM FY2023 10-K,https://www.sec.gov/Archives/edgar/data/1039399/000103939924000007/form-20231230.htm
FORM,2022,Corporate and Other,,-20.490,,FORM FY2023 10-K,https://www.sec.gov/Archives/edgar/data/1039399/000103939924000007/form-20231230.htm
