ticker,fiscal_year,revenue_musd,gross_margin_pct,operating_margin_pct,net_margin_pct,rd_pct_revenue,sga_pct_revenue,roa_pct,current_ratio,debt_to_equity,fcf_musd,fcf_margin_pct,net_cash_musd,capex_pct_revenue,sbc_pct_revenue,revenue_yoy_pct,roe_pct
FORM,2016,383.88,26.75,-12.48,-1.71,14.97,19.13,-1.06,3.08,0.54,,,-24.07,3.0,3.04,,
FORM,2017,548.44,39.31,8.44,7.46,13.46,17.41,6.33,3.32,0.41,68.57,12.5,52.94,3.24,2.98,42.87,9.52
FORM,2018,529.67,39.71,6.82,19.64,14.16,18.74,14.29,3.3,0.26,48.83,9.22,114.03,3.75,3.37,-3.42,20.03
FORM,2019,589.46,40.29,8.42,6.67,13.83,18.04,4.68,3.07,0.31,100.2,17.0,205.23,3.54,3.93,11.29,6.44
FORM,2020,693.62,41.51,12.08,11.32,12.84,16.59,8.15,3.15,0.29,113.39,16.35,230.06,8.05,3.44,17.67,11.34
FORM,2021,769.67,41.94,12.74,10.9,13.11,16.08,8.22,3.52,0.25,72.87,9.47,260.63,8.64,3.82,10.97,10.76
FORM,2022,747.94,39.58,7.34,6.78,14.6,17.63,5.03,3.17,0.25,66.53,8.9,223.75,8.72,4.19,-2.82,6.25
FORM,2023,663.1,39.0,12.48,12.42,17.46,20.06,7.44,4.38,0.22,8.57,1.29,315.0,8.45,5.82,-11.34,9.6
FORM,2024,763.6,40.33,8.48,9.12,15.97,18.57,6.07,4.61,0.21,79.1,10.36,347.82,5.03,5.21,15.16,7.5
FORM,2025,784.99,39.34,7.27,6.93,14.74,16.95,4.44,4.5,0.18,11.74,1.5,264.1,13.2,4.91,2.8,5.48
