period,market,revenue_musd,share_pct
2022,Foundry & Logic,409.196,54.70995551764387
2022,DRAM,133.446,17.841877056490052
2022,Flash,48.78,6.521939682085523
2022,Systems,156.515,20.926227743780558
2022H1,Foundry & Logic,236.501,58.965894669655256
2022H1,DRAM,71.28,17.771971247703082
2022H1,Flash,19.91,4.96408456147262
2022H1,Systems,73.39,18.29804952116904
2023,Foundry & Logic,363.539,54.823993895358484
2023,DRAM,113.779,17.158597018256618
2023,Flash,20.585,3.1043489538562694
2023,Systems,165.199,24.913060132528635
2023H1,Foundry & Logic,183.529,56.756163332962245
2023H1,DRAM,50.354,15.571925136997315
2023H1,Flash,8.748,2.7053104241659556
2023H1,Systems,80.733,24.966601105874496
2024,Foundry & Logic,381.18,49.91880565741226
2024,DRAM,227.42,29.782608695652172
2024,Flash,17.36,2.2734415924567837
2024,Systems,137.64,18.025144054478783
2025,Foundry & Logic,369.9,47.12101910828026
2025,DRAM,247.4,31.515923566878982
2025,Flash,20.6,2.624203821656051
2025,Systems,147.1,18.738853503184714
TTM 2026Q2,Foundry & Logic,418.14,46.345680654385845
TTM 2026Q2,DRAM,309.41,34.29429629137018
TTM 2026Q2,Flash,19.67,2.1801777836891225
TTM 2026Q2,Systems,155.0,17.179845270554853
