,revenue,revenue_yoy_pct,gross_margin_pct,operating_margin_pct,free_cash_flow,ttm_revenue,ttm_fcf
2023Q1,167.4,,36.5,0.1,-7.4,,
2023Q2,155.9,,38.7,-0.8,2.0,,
2023Q3,171.6,,40.4,1.6,14.7,,
2023Q4,168.2,,40.4,48.3,-0.7,663.1,8.6
2024Q1,168.7,0.8,37.2,12.6,19.6,664.4,35.5
2024Q2,197.5,26.7,44.0,9.0,13.5,705.9,47.0
2024Q3,207.9,21.2,40.7,8.6,17.8,742.3,50.2
2024Q4,189.5,12.7,38.8,4.1,28.2,763.6,79.1
2025Q1,171.4,1.6,37.7,1.9,5.0,766.2,64.5
2025Q2,195.8,-0.8,37.3,6.3,-47.4,764.6,3.6
2025Q3,202.7,-2.5,39.8,8.9,19.5,759.3,5.3
2025Q4,215.2,13.6,42.2,10.9,34.7,785.0,11.7
2026Q1,226.1,32.0,38.4,7.4,29.8,839.8,36.6
2026Q2,258.2,31.9,50.7,22.4,52.2,902.2,136.1
